Metric,Friedman Statistic,p-value
Time Cost,12.0,0.01735126523666451
Balance,9.333333333333336,0.05328685445847279
Running Time,11.466666666666669,0.02179089585829388
